<?xml version="1.0" encoding="utf-8"?>
<noSqlDb>
<msgType type="Insert" >
  <key>key5</key>
  <element>
    <name>Amitta Abchan</name>
    <descr>Bollywood Actors</descr>
    <timeStamp>10/17/2015 5:45:28 AM</timeStamp>
    <children>
      <key>alpha</key>
      <key>beta</key>
      <key>Gama</key>
    </children>
    <payload>
      <item>sholeh</item>
      <item>Ghorbani</item>
    </payload>
  </element>
</msgType>
<msgType type="Insert">
  <key>key6</key>
  <element>
    <name>Nakkita </name>
    <descr>French Mental case</descr>
    <timeStamp>10/16/2015 5:45:31 AM</timeStamp>
    <payload>
      <item>Kills Target</item>
      <item>Works with local Mafia</item>
      <item>Assign to certian project</item>
    </payload>
  </element>
</msgType>
<msgType type="Insert">
  <key>key7</key>
  <element>
    <name>Bruce Lee</name>
    <descr>Martial Art Actor 70</descr>
    <timeStamp>10/14/2015 5:45:31 AM</timeStamp>
    <children>
      <key>one</key>
      <key>two</key>
      <key>three</key>
      <key>four</key>
    </children>
    <payload>
      <item>He fights Evil</item>
      <item>He likes jumping around</item>
      <item>A wise man can learn more from a foolish question than a fool can learn from a wise answer.</item>
    </payload>
  </element>
</msgType>
<msgType type="Insert">
  <key>key8</key>
  <element>
    <name>Billy Joel</name>
    <descr>William Martin "Billy" Joel is an American pianist, singer-songwriter, and composer.</descr>
    <timeStamp>10/14/2015 5:45:31 AM</timeStamp>
    <children>
      <key>one</key>
      <key>two</key>
      <key>three</key>
      <key>four</key>
    </children>
    <payload>
      <item>Piano Man</item>
      <item>We didn't start fire</item>
      <item>Uptown Girl</item>
    </payload>
  </element>
</msgType>
<msgType type="Insert" >
  <key>key5</key>
  <element>
    <name>Amitta Abchan</name>
    <descr>Bollywood Actors</descr>
    <timeStamp>10/17/2015 5:45:28 AM</timeStamp>
    <children>
      <key>alpha</key>
      <key>beta</key>
      <key>Gama</key>
    </children>
    <payload>
      <item>sholeh</item>
      <item>Ghorbani</item>
    </payload>
  </element>
</msgType>
<msgType type="Insert">
  <key>key6</key>
  <element>
    <name>Nakkita </name>
    <descr>French Mental case</descr>
    <timeStamp>10/16/2015 5:45:31 AM</timeStamp>
    <payload>
      <item>Kills Target</item>
      <item>Works with local Mafia</item>
      <item>Assign to certian project</item>
    </payload>
  </element>
</msgType>
<msgType type="Insert">
  <key>key7</key>
  <element>
    <name>Bruce Lee</name>
    <descr>Martial Art Actor 70</descr>
    <timeStamp>10/14/2015 5:45:31 AM</timeStamp>
    <children>
      <key>one</key>
      <key>two</key>
      <key>three</key>
      <key>four</key>
    </children>
    <payload>
      <item>He fights Evil</item>
      <item>He likes jumping around</item>
      <item>A wise man can learn more from a foolish question than a fool can learn from a wise answer.</item>
    </payload>
  </element>
</msgType>
<msgType type="Edit">
  <key>key5</key>
  <element>
    <name>Amitabh Bachchan</name>
    <descr>Amitabh Harivansh Bachchan is an Indian film actor. </descr>
    <timeStamp>10/14/2015 5:45:31 AM</timeStamp>
    <children>
      <key>one</key>
      <key>two</key>
      <key>three</key>
      <key>four</key>
    </children>
    <payload>
      <item>Divarr</item>
      <item>Zanjeer</item>
      <item>Sholeh</item>
    </payload>
  </element>
</msgType>
<msgType type="Edit">
  <key>key7</key>
  <element>
    <name>Bruce Lee</name>
    <descr>Bruce Lee was a Hong Kong American martial artist, Hong Kong action film actor, martial arts instructor, philosopher, filmmaker, and the founder of Jeet Kune Do. Lee was the son of Cantonese opera star Lee Hoi-Chuen</descr>
    <timeStamp>10/14/2015 5:45:31 AM</timeStamp>
    <children>
      <key>one</key>
      <key>two</key>
      <key>three</key>
      <key>four</key>
    </children>
    <payload>
      <item>A wise man can learn more from a foolish question than a fool can learn from a wise answer.</item>
      <item>If you spend too much time thinking about a thing, you'll never get it done.</item>
      <item>Mistakes are always forgivable, if one has the courage to admit them.</item>
    </payload>
  </element>
</msgType>
<msgType type="Delete">
  <key>key6</key>
</msgType>
<msgType type="Delete">
  <key>key4</key>
</msgType>
<msgType type="Delete">
  <key>key10</key>
</msgType>
</noSqlDb>