﻿<?xml version="1.0" encoding="utf-8" standalone="yes"?>
<noSqlDB>
  <key>5</key>
  <element>
    <name>William III</name>
    <descr>A hot-shot</descr>
    <timeStamp>10/8/2015 7:42:55 PM</timeStamp>
    <children>
      <key>1</key>
      <key>2</key>
      <key>3</key>
      <key>4</key>
    </children>
    <payload>I am Boss; I own DOS, Your Future is my design!!!</payload>
  </element>
  <key>6</key>
  <element>
    <name>Jerry Seinfeld</name>
    <descr>A Comedian</descr>
    <timeStamp>10/8/2015 7:42:55 PM</timeStamp>
    <children>
      <key>2</key>
      <key>3</key>
      <key>4</key>
      <key>5</key>
      <key>6</key>
    </children>
    <payload>Have you noticed: What ever goes around the world it exactly fills the pages of newspaper for that day?</payload>
  </element>
  <key>7</key>
  <element>
    <name>William Wordsworth</name>
    <descr>A Poet</descr>
    <timeStamp>10/8/2015 7:42:55 PM</timeStamp>
    <children>
      <key>999</key>
      <key>555</key>
    </children>
    <payload>With an eye made quiet by the power of harmony, and the deep power of joy, we see into the life of things.</payload>
  </element>
</noSqlDB>