﻿<?xml version="1.0" encoding="utf-8"?>
<noSqlDb>
  <keyType>String</keyType>
  <payloadType>PL_ListOfStrings</payloadType>
  <key>key1</key>
  <element>
    <name>Stevee Job-Wazanick</name>
    <descr>Two Steves who build a company called APPLE</descr>
    <timeStamp>10/17/2015 5:45:28 AM</timeStamp>
    <keys>
      <key>one</key>
      <key>two</key>
      <key>three</key>
      <key>four</key>
      <key>alpha</key>
      <key>beta</key>
    </keys>
    <payload>
      <item>i-Pad</item>
      <item>i-Phone</item>
      <item>i-tune</item>
      <item>i-smack</item>
    </payload>
  </element>
  <key>key2</key>
  <element>
    <name>Dr. Evil</name>
    <descr>Dr. Evil is from Austain Power Movie</descr>
    <timeStamp>10/16/2015 5:45:31 AM</timeStamp>
    <payload>
      <item>Austain Power</item>
      <item>Fat Bastard</item>
      <item>Mini me </item>
    </payload>
  </element>
  <key>key3</key>
  <element>
    <name>Rambo</name>
    <descr>John Rambo a vitnam war vetran</descr>
    <timeStamp>10/14/2015 5:45:31 AM</timeStamp>
    <keys>
      <key>one</key>
      <key>two</key>
      <key>three</key>
      <key>four</key>
    </keys>
    <payload>
      <item>He fights Evil</item>
      <item>He likes jumping around</item>
      <item>He goes to places</item>
    </payload>
  </element>
</noSqlDb>